index,var_B,APL,time
0,0.000000,0.000000,0.000054
1,0.000000,213.937600,0.367510
2,0.000000,327.375400,0.589171
3,0.000000,352.667400,0.656662
5,0.000000,110.286200,0.290954
4,0.000000,271.865600,0.561398
6,0.000000,109.954800,0.288432
7,0.000000,267.353600,0.549002
9,0.000000,343.694600,0.642741
11,0.000000,0.000000,0.000063
12,0.000000,0.000000,0.000074
8,0.000000,351.045200,0.676565
10,0.000000,228.505600,0.422331
13,0.000000,160.056400,0.283671
14,0.000000,248.579000,0.449081
17,0.000000,127.376600,0.245138
16,0.000000,232.737200,0.435212
15,0.000000,266.667600,0.488554
18,0.000000,127.376600,0.221325
19,0.000000,232.737200,0.223770
20,0.000000,266.667600,0.222463
21,0.000000,127.376600,0.217999
22,0.000000,232.737200,0.223424
23,0.000000,266.667600,0.224079
24,0.000000,127.376600,0.216581
25,0.000000,232.737200,0.223815
26,0.000000,266.667600,0.224527
27,0.000000,127.376600,0.218535
28,0.000000,232.737200,0.223849
29,0.000000,266.667600,0.221050
30,0.000000,150.141400,0.344039
31,0.000000,293.017200,0.564814
32,0.000000,351.582800,0.645722
35,0.000000,0.000000,0.000084
36,0.000000,0.000000,0.000090
33,0.000000,323.017400,0.580340
34,0.000000,211.404800,0.377135
37,0.000000,215.625800,0.381851
38,0.000000,332.378200,0.596176
39,0.000000,349.905400,0.644407
40,0.000000,296.731800,0.573716
42,0.000000,349.905400,0.197249
43,0.000000,296.731800,0.202403
41,0.000000,151.653400,0.394648
44,0.000000,349.905400,0.199477
45,0.000000,296.731800,0.212379
46,0.000000,151.653400,0.218470
47,0.000000,349.905400,0.213569
48,0.000000,296.731800,0.212999
49,0.000000,151.653400,0.217656
50,0.000000,349.905400,0.228302
51,0.000000,296.731800,0.209627
52,0.000000,151.653400,0.210490
53,0.000000,349.905400,0.190952
54,0.000000,155.621000,0.362945
55,0.000000,291.589400,0.563836
56,0.000000,350.153200,0.642652
59,0.000000,0.000000,0.000092
60,0.000000,0.000000,0.000099
57,0.000000,332.417200,0.591283
58,0.000000,211.555600,0.372233
61,0.000000,210.456800,0.369753
62,0.000000,322.592200,0.572971
63,0.000000,353.036200,0.644367
64,0.000000,288.378200,0.562438
66,0.000000,353.036200,0.195557
65,0.000000,156.034800,0.390484
67,0.000000,288.378200,0.213970
68,0.000000,353.036200,0.204310
69,0.000000,156.034800,0.226824
70,0.000000,288.378200,0.218921
71,0.000000,353.036200,0.223599
72,0.000000,156.034800,0.211076
73,0.000000,288.378200,0.210340
74,0.000000,353.036200,0.218355
75,0.000000,156.034800,0.214081
76,0.000000,288.378200,0.216337
77,0.000000,353.036200,0.193838
78,0.000000,150.018200,0.345983
79,0.000000,284.338400,0.558357
80,0.000000,355.906000,0.647856
83,0.000000,0.000000,0.000087
84,0.000000,0.000000,0.000089
81,0.000000,330.992400,0.587700
82,0.000000,216.777600,0.380260
85,0.000000,224.262600,0.394352
86,0.000000,325.847000,0.578829
87,0.000000,353.759800,0.646768
88,0.000000,281.156400,0.558297
90,0.000000,353.759800,0.199907
89,0.000000,151.798800,0.392424
91,0.000000,281.156400,0.202883
92,0.000000,353.759800,0.206488
94,0.000000,281.156400,0.218289
93,0.000000,151.798800,0.239331
95,0.000000,353.759800,0.205533
97,0.000000,151.798800,0.217152
96,0.000000,281.156400,0.231719
98,0.000000,353.759800,0.208800
99,0.000000,151.798800,0.211816
100,0.000000,281.156400,0.215462
101,0.000000,353.759800,0.209385
102,0.000000,155.000600,0.346706
103,0.000000,292.444200,0.562165
104,0.000000,356.315600,0.652130
107,0.000000,0.000000,0.000085
108,0.000000,0.000000,0.000085
105,0.000000,327.650400,0.582982
106,0.000000,209.752800,0.367392
109,0.000000,209.422600,0.367175
110,0.000000,324.839800,0.590290
111,0.000000,354.954600,0.658852
112,0.000000,288.545600,0.570918
114,0.000000,354.954600,0.196631
115,0.000000,288.545600,0.198966
113,0.000000,157.041400,0.405277
116,0.000000,354.954600,0.198240
117,0.000000,288.545600,0.224935
118,0.000000,157.041400,0.225892
119,0.000000,354.954600,0.205085
120,0.000000,288.545600,0.223424
121,0.000000,157.041400,0.210218
122,0.000000,354.954600,0.210176
123,0.000000,288.545600,0.210231
124,0.000000,157.041400,0.225267
125,0.000000,354.954600,0.203507
126,0.000000,122.008800,0.235628
127,0.000000,226.905800,0.393335
128,0.000000,271.110200,0.463823
131,0.000000,0.000000,0.000057
132,0.000000,0.000000,0.000069
129,0.000000,243.525800,0.413254
130,0.000000,158.579800,0.267864
133,0.000000,222.377800,0.391387
134,0.000000,338.571600,0.606107
135,0.000000,342.642800,0.628522
136,0.000000,265.958000,0.518593
137,0.000000,113.785200,0.282434
138,0.000000,107.861800,0.269768
139,0.000000,275.140400,0.534994
140,0.000000,349.603000,0.640685
143,0.000000,0.000000,0.000058
144,0.000000,0.000000,0.000104
141,0.000000,331.432800,0.594078
142,0.000000,224.690200,0.395630
145,0.000000,209.566200,0.368459
146,0.000000,328.572800,0.585916
147,0.000000,346.801600,0.633576
148,0.000000,292.591400,0.568361
149,0.000000,145.275000,0.350812
150,0.000000,346.801600,0.200443
151,0.000000,292.591400,0.212934
152,0.000000,145.275000,0.212436
153,0.000000,346.801600,0.228032
154,0.000000,292.591400,0.209865
155,0.000000,145.275000,0.228072
156,0.000000,346.801600,0.211224
157,0.000000,292.591400,0.210254
158,0.000000,145.275000,0.213058
159,0.000000,346.801600,0.215148
160,0.000000,292.591400,0.211451
161,0.000000,145.275000,0.194527
162,0.000000,128.124800,0.247830
163,0.000000,232.476400,0.408485
164,0.000000,271.957600,0.464850
167,0.000000,0.000000,0.000061
165,0.000000,248.365000,0.435301
166,0.000000,160.101400,0.301060
168,0.000000,0.000000,0.191992
169,0.000000,248.365000,0.208886
170,0.000000,160.101400,0.227789
171,0.000000,0.000000,0.217879
172,0.000000,248.365000,0.209297
173,0.000000,160.101400,0.218271
174,0.000000,0.000000,0.222301
175,0.000000,248.365000,0.208126
176,0.000000,160.101400,0.220901
177,0.000000,0.000000,0.217431
178,0.000000,248.365000,0.223548
180,0.000000,0.000000,0.209813
179,0.000000,160.101400,0.214547
181,0.000000,248.365000,0.228052
183,0.000000,160.101400,0.208891
182,0.000000,0.000000,0.231788
184,0.000000,248.365000,0.204613
185,0.000000,160.101400,0.206548
186,0.000000,0.000000,0.207982
187,0.000000,126.034200,0.315056
188,0.000000,272.094400,0.532137
189,0.000000,366.280000,0.680554
190,0.000000,439.123200,0.795360
191,0.000000,463.338200,0.827606
192,0.000000,477.048200,0.846123
193,0.000000,484.686000,0.850686
194,0.000000,469.166800,0.826110
195,0.000000,433.449800,0.772240
196,0.000000,367.506600,0.672690
198,0.000000,123.153200,0.294228
197,0.000000,265.644400,0.526610
199,0.000000,75.189200,0.224391
200,0.000000,242.127200,0.487922
201,0.000000,356.811800,0.661227
202,0.000000,421.191000,0.755777
203,0.000000,459.744200,0.810894
204,0.000000,471.132600,0.829933
205,0.000000,476.464200,0.832038
206,0.000000,472.506200,0.827063
207,0.000000,449.572000,0.796897
208,0.000000,388.599200,0.707608
211,0.000000,388.599200,0.181682
209,0.000000,300.162400,0.598996
210,0.000000,165.952600,0.400457
212,0.000000,388.599200,0.187978
213,0.000000,300.162400,0.212501
214,0.000000,165.952600,0.211876
215,0.000000,388.599200,0.209542
216,0.000000,300.162400,0.226351
217,0.000000,165.952600,0.208046
218,0.000000,388.599200,0.208646
219,0.000000,300.162400,0.206387
220,0.000000,165.952600,0.215226
221,0.000000,388.599200,0.211780
222,0.000000,300.162400,0.207149
223,0.000000,165.952600,0.212157
224,0.000000,388.599200,0.211338
225,0.000000,300.162400,0.225248
226,0.000000,165.952600,0.211988
227,0.000000,388.599200,0.226818
228,0.000000,300.162400,0.204829
229,0.000000,165.952600,0.211045
230,0.000000,388.599200,0.213212
231,0.000000,300.162400,0.211261
232,0.000000,165.952600,0.226629
233,0.000000,388.599200,0.209265
234,0.000000,300.162400,0.195757
235,0.000000,165.952600,0.192486
236,0.000000,122.577200,0.318253
237,0.000000,274.085600,0.533149
238,0.000000,373.803800,0.689602
239,0.000000,432.403000,0.776547
240,0.000000,465.407000,0.819130
241,0.000000,476.207800,0.833950
242,0.000000,479.585000,0.838230
243,0.000000,469.009600,0.823669
244,0.000000,430.371800,0.769706
245,0.000000,382.022800,0.696338
247,0.000000,119.588600,0.305912
248,0.000000,382.022800,0.180489
246,0.000000,265.508400,0.540572
249,0.000000,119.588600,0.205029
250,0.000000,382.022800,0.214839
251,0.000000,265.508400,0.211484
252,0.000000,119.588600,0.207780
253,0.000000,382.022800,0.213967
254,0.000000,265.508400,0.210592
255,0.000000,119.588600,0.206945
256,0.000000,382.022800,0.212453
257,0.000000,265.508400,0.211415
258,0.000000,119.588600,0.208790
259,0.000000,382.022800,0.212259
260,0.000000,265.508400,0.212375
261,0.000000,119.588600,0.208195
262,0.000000,382.022800,0.211690
263,0.000000,265.508400,0.213338
264,0.000000,119.588600,0.226038
265,0.000000,382.022800,0.213113
266,0.000000,265.508400,0.209337
267,0.000000,119.588600,0.209136
268,0.000000,382.022800,0.211106
269,0.000000,265.508400,0.211816
270,0.000000,119.588600,0.206578
272,0.000000,265.508400,0.211988
271,0.000000,382.022800,0.230711
273,0.000000,119.588600,0.202594
274,0.000000,265.508400,0.210281
275,0.000000,382.022800,0.214736
276,0.000000,119.588600,0.211738
277,0.000000,265.508400,0.210580
278,0.000000,382.022800,0.210350
279,0.000000,119.588600,0.210935
280,0.000000,265.508400,0.212324
281,0.000000,382.022800,0.215632
282,0.000000,119.588600,0.212096
283,0.000000,265.508400,0.207610
284,0.000000,382.022800,0.207134
285,0.000000,126.481600,0.306968
286,0.000000,274.895400,0.541015
287,0.000000,375.049000,0.697825
288,0.000000,436.053800,0.789849
289,0.000000,472.297600,0.830242
290,0.000000,473.998200,0.832857
291,0.000000,477.956600,0.842073
292,0.000000,466.591200,0.820571
293,0.000000,430.114000,0.766551
294,0.000000,375.824000,0.688140
296,0.000000,124.835200,0.303851
295,0.000000,267.860200,0.552307
297,0.000000,375.824000,0.196380
298,0.000000,124.835200,0.200717
299,0.000000,267.860200,0.213289
300,0.000000,375.824000,0.213837
301,0.000000,124.835200,0.208319
302,0.000000,267.860200,0.213333
303,0.000000,375.824000,0.212957
304,0.000000,124.835200,0.224527
305,0.000000,267.860200,0.211632
306,0.000000,375.824000,0.209337
307,0.000000,124.835200,0.206691
309,0.000000,375.824000,0.212512
308,0.000000,267.860200,0.231846
310,0.000000,124.835200,0.218875
311,0.000000,375.824000,0.205735
312,0.000000,267.860200,0.209833
313,0.000000,124.835200,0.208060
314,0.000000,375.824000,0.209670
315,0.000000,267.860200,0.216132
316,0.000000,124.835200,0.211331
317,0.000000,375.824000,0.210694
318,0.000000,267.860200,0.213856
319,0.000000,124.835200,0.210695
320,0.000000,375.824000,0.210387
321,0.000000,267.860200,0.212335
322,0.000000,124.835200,0.210232
323,0.000000,375.824000,0.210418
324,0.000000,267.860200,0.210526
325,0.000000,124.835200,0.210520
326,0.000000,375.824000,0.212005
327,0.000000,267.860200,0.212217
328,0.000000,124.835200,0.208696
329,0.000000,375.824000,0.211476
330,0.000000,267.860200,0.211323
331,0.000000,124.835200,0.226266
332,0.000000,375.824000,0.198410
333,0.000000,267.860200,0.196663
334,0.000000,123.971200,0.312980
335,0.000000,275.757000,0.533535
336,0.000000,373.514200,0.682798
337,0.000000,431.889400,0.772610
338,0.000000,459.881200,0.809299
339,0.000000,481.963600,0.842153
340,0.000000,476.754800,0.837904
341,0.000000,460.976400,0.812845
342,0.000000,434.494600,0.772035
343,0.000000,380.651400,0.698246
345,0.000000,122.766200,0.306792
346,0.000000,380.651400,0.199345
344,0.000000,275.792600,0.560045
347,0.000000,122.766200,0.202050
348,0.000000,380.651400,0.210846
349,0.000000,275.792600,0.210826
350,0.000000,122.766200,0.214439
351,0.000000,380.651400,0.212563
352,0.000000,275.792600,0.211399
353,0.000000,122.766200,0.212266
355,0.000000,275.792600,0.210566
354,0.000000,380.651400,0.229684
356,0.000000,122.766200,0.220648
357,0.000000,275.792600,0.207573
358,0.000000,380.651400,0.210186
359,0.000000,122.766200,0.216322
360,0.000000,275.792600,0.214437
361,0.000000,380.651400,0.233710
362,0.000000,122.766200,0.203088
363,0.000000,275.792600,0.208291
364,0.000000,380.651400,0.218161
365,0.000000,122.766200,0.226024
366,0.000000,275.792600,0.205187
367,0.000000,380.651400,0.213678
368,0.000000,122.766200,0.224705
369,0.000000,275.792600,0.221372
370,0.000000,380.651400,0.197514
371,0.000000,164.833200,0.364240
372,0.000000,306.401200,0.583463
373,0.000000,394.659600,0.741992
374,0.000000,445.549800,0.805621
375,0.000000,468.943400,0.842457
376,0.000000,475.631400,0.833431
377,0.000000,474.025600,0.854799
378,0.000000,454.607400,0.826753
379,0.000000,428.286800,0.796193
382,0.000000,75.919200,0.224004
380,0.000000,351.871000,0.664719
381,0.000000,241.518000,0.493459
383,0.000000,114.580400,0.284625
384,0.000000,272.754200,0.532078
385,0.000000,370.530400,0.686734
386,0.000000,430.380800,0.773340
387,0.000000,465.121800,0.821246
388,0.000000,468.573600,0.825408
389,0.000000,492.607000,0.866515
390,0.000000,468.977000,0.826540
391,0.000000,434.947800,0.781554
392,0.000000,373.589200,0.686264
394,0.000000,123.568000,0.309967
393,0.000000,279.220200,0.556705
395,0.000000,373.589200,0.188621
396,0.000000,123.568000,0.217671
397,0.000000,279.220200,0.219590
398,0.000000,373.589200,0.226797
399,0.000000,123.568000,0.209654
400,0.000000,279.220200,0.208048
401,0.000000,373.589200,0.227754
402,0.000000,123.568000,0.211274
403,0.000000,279.220200,0.212441
404,0.000000,373.589200,0.211792
405,0.000000,123.568000,0.235414
406,0.000000,279.220200,0.217993
407,0.000000,373.589200,0.208779
409,0.000000,279.220200,0.213590
408,0.000000,123.568000,0.235718
410,0.000000,373.589200,0.205796
413,0.000000,0.000000,0.000141
411,0.000000,279.220200,0.201197
412,0.000000,123.568000,0.201441
414,0.000000,158.892200,0.292750
415,0.000000,248.568400,0.421336
416,0.000000,265.096600,0.456280
417,0.000000,229.765600,0.414373
419,0.000000,265.096600,0.188458
418,0.000000,123.089600,0.258911
420,0.000000,229.765600,0.203992
421,0.000000,265.096600,0.213264
422,0.000000,123.089600,0.216626
423,0.000000,229.765600,0.212785
424,0.000000,265.096600,0.214796
425,0.000000,123.089600,0.218353
426,0.000000,229.765600,0.213352
427,0.000000,265.096600,0.213834
428,0.000000,123.089600,0.219438
429,0.000000,229.765600,0.211801
430,0.000000,265.096600,0.189721
431,0.000000,147.863800,0.352675
432,0.000000,291.563800,0.565421
433,0.000000,347.386400,0.635505
436,0.000000,0.000000,0.000090
437,0.000000,0.000000,0.000104
434,0.000000,328.624800,0.584243
435,0.000000,214.009600,0.377242
438,0.000000,210.425600,0.371688
439,0.000000,322.443400,0.572249
440,0.000000,347.034400,0.634195
441,0.000000,286.699200,0.558602
443,0.000000,347.034400,0.195323
442,0.000000,153.189800,0.378827
444,0.000000,286.699200,0.198365
445,0.000000,347.034400,0.213992
446,0.000000,153.189800,0.213428
447,0.000000,286.699200,0.215881
448,0.000000,347.034400,0.214500
449,0.000000,153.189800,0.215893
450,0.000000,286.699200,0.212302
451,0.000000,347.034400,0.213103
452,0.000000,153.189800,0.217007
453,0.000000,286.699200,0.214742
454,0.000000,347.034400,0.187687
455,0.000000,150.941000,0.359479
456,0.000000,293.049000,0.579511
457,0.000000,352.724800,0.658439
460,0.000000,0.000000,0.000086
458,0.000000,326.394000,0.600849
461,0.000000,0.000000,0.183874
459,0.000000,212.779400,0.400578
462,0.000000,326.394000,0.208211
463,0.000000,0.000000,0.218012
464,0.000000,212.779400,0.219477
465,0.000000,326.394000,0.212457
466,0.000000,0.000000,0.217540
467,0.000000,212.779400,0.217451
468,0.000000,326.394000,0.215131
469,0.000000,0.000000,0.235063
470,0.000000,212.779400,0.215892
471,0.000000,326.394000,0.204596
472,0.000000,0.000000,0.216588
473,0.000000,212.779400,0.214107
474,0.000000,326.394000,0.210931
475,0.000000,0.000000,0.212054
476,0.000000,212.779400,0.211116
477,0.000000,326.394000,0.211918
478,0.000000,0.000000,0.212728
479,0.000000,212.779400,0.211307
480,0.000000,326.394000,0.212605
481,0.000000,0.000000,0.211019
482,0.000000,212.779400,0.228881
483,0.000000,326.394000,0.206665
484,0.000000,0.000000,0.206762
485,0.000000,212.779400,0.214600
486,0.000000,326.394000,0.214045
487,0.000000,0.000000,0.208950
488,0.000000,212.779400,0.211555
489,0.000000,326.394000,0.209648
490,0.000000,0.000000,0.205089
491,0.000000,212.779400,0.205475
492,0.000000,77.557200,0.229298
493,0.000000,240.068800,0.478700
494,0.000000,356.773600,0.661666
495,0.000000,422.818200,0.756667
496,0.000000,461.531400,0.820574
497,0.000000,478.236400,0.838876
498,0.000000,481.926800,0.845003
499,0.000000,477.352600,0.853554
500,0.000000,450.292600,0.811801
501,0.000000,380.120800,0.699952
504,0.000000,380.120800,0.178343
503,0.000000,164.285800,0.388212
502,0.000000,300.116600,0.610504
505,0.000000,380.120800,0.195945
506,0.000000,164.285800,0.224568
507,0.000000,300.116600,0.209801
508,0.000000,380.120800,0.204075
509,0.000000,164.285800,0.213642
510,0.000000,300.116600,0.213411
511,0.000000,380.120800,0.221919
512,0.000000,164.285800,0.209390
513,0.000000,300.116600,0.212797
514,0.000000,380.120800,0.209057
515,0.000000,164.285800,0.212688
516,0.000000,300.116600,0.211967
517,0.000000,380.120800,0.208720
518,0.000000,164.285800,0.230343
519,0.000000,300.116600,0.212813
520,0.000000,380.120800,0.217729
521,0.000000,164.285800,0.212137
522,0.000000,300.116600,0.208814
523,0.000000,380.120800,0.204322
524,0.000000,164.285800,0.213395
525,0.000000,300.116600,0.213719
526,0.000000,380.120800,0.208700
528,0.000000,300.116600,0.238121
527,0.000000,164.285800,0.242149
529,0.000000,380.120800,0.218075
530,0.000000,300.116600,0.206866
531,0.000000,164.285800,0.208617
532,0.000000,380.120800,0.212102
533,0.000000,300.116600,0.211847
534,0.000000,164.285800,0.209219
535,0.000000,380.120800,0.212602
536,0.000000,300.116600,0.212121
537,0.000000,164.285800,0.210385
538,0.000000,380.120800,0.212691
540,0.000000,164.285800,0.211426
539,0.000000,300.116600,0.212812
541,0.000000,380.120800,0.209749
543,0.000000,300.116600,0.206743
542,0.000000,164.285800,0.214857
544,0.000000,380.120800,0.209871
545,0.000000,300.116600,0.214064
546,0.000000,164.285800,0.213126
547,0.000000,380.120800,0.210821
548,0.000000,300.116600,0.207675
549,0.000000,164.285800,0.211031
550,0.000000,380.120800,0.212647
551,0.000000,300.116600,0.210160
552,0.000000,164.285800,0.216190
553,0.000000,380.120800,0.210188
554,0.000000,300.116600,0.210143
555,0.000000,164.285800,0.211312
556,0.000000,380.120800,0.213380
557,0.000000,300.116600,0.209161
558,0.000000,164.285800,0.211364
559,0.000000,380.120800,0.216222
560,0.000000,300.116600,0.211265
561,0.000000,164.285800,0.212101
562,0.000000,380.120800,0.208949
563,0.000000,300.116600,0.210895
564,0.000000,164.285800,0.215176
565,0.000000,380.120800,0.226766
566,0.000000,300.116600,0.212859
567,0.000000,164.285800,0.220021
568,0.000000,380.120800,0.218874
569,0.000000,300.116600,0.212785
570,0.000000,164.285800,0.214151
571,0.000000,380.120800,0.212840
572,0.000000,300.116600,0.211964
573,0.000000,164.285800,0.211615
574,0.000000,380.120800,0.212302
575,0.000000,300.116600,0.213417
576,0.000000,164.285800,0.211564
577,0.000000,380.120800,0.210669
578,0.000000,300.116600,0.213495
579,0.000000,164.285800,0.210610
580,0.000000,380.120800,0.213217
581,0.000000,300.116600,0.211340
582,0.000000,164.285800,0.212280
583,0.000000,380.120800,0.208843
584,0.000000,300.116600,0.224703
585,0.000000,164.285800,0.212637
586,0.000000,380.120800,0.209752
587,0.000000,300.116600,0.212579
588,0.000000,164.285800,0.213127
589,0.000000,380.120800,0.211023
590,0.000000,300.116600,0.212673
591,0.000000,164.285800,0.213131
592,0.000000,380.120800,0.210890
593,0.000000,300.116600,0.211268
594,0.000000,164.285800,0.212008
595,0.000000,380.120800,0.214769
596,0.000000,300.116600,0.209536
597,0.000000,164.285800,0.213492
598,0.000000,380.120800,0.211057
599,0.000000,300.116600,0.222594
600,0.000000,164.285800,0.213485
601,0.000000,380.120800,0.209658
602,0.000000,300.116600,0.212368
603,0.000000,164.285800,0.215031
604,0.000000,380.120800,0.212035
605,0.000000,300.116600,0.210514
606,0.000000,164.285800,0.215251
607,0.000000,380.120800,0.211972
608,0.000000,300.116600,0.210552
609,0.000000,164.285800,0.214130
610,0.000000,380.120800,0.214464
611,0.000000,300.116600,0.207628
612,0.000000,164.285800,0.211825
613,0.000000,380.120800,0.214342
614,0.000000,300.116600,0.222411
615,0.000000,164.285800,0.212643
616,0.000000,380.120800,0.209752
617,0.000000,300.116600,0.210345
618,0.000000,164.285800,0.213602
619,0.000000,380.120800,0.228425
620,0.000000,300.116600,0.207156
621,0.000000,164.285800,0.208880
622,0.000000,380.120800,0.210367
623,0.000000,300.116600,0.211288
624,0.000000,164.285800,0.213973
625,0.000000,380.120800,0.209813
626,0.000000,300.116600,0.212398
627,0.000000,164.285800,0.213143
628,0.000000,380.120800,0.210335
629,0.000000,300.116600,0.210779
630,0.000000,164.285800,0.229973
631,0.000000,380.120800,0.210187
632,0.000000,300.116600,0.207725
633,0.000000,164.285800,0.212357
634,0.000000,380.120800,0.210885
635,0.000000,300.116600,0.208066
636,0.000000,164.285800,0.212587
637,0.000000,380.120800,0.210333
638,0.000000,300.116600,0.208547
639,0.000000,164.285800,0.211560
640,0.000000,380.120800,0.210242
641,0.000000,300.116600,0.211364
642,0.000000,164.285800,0.212103
643,0.000000,380.120800,0.213890
644,0.000000,300.116600,0.211720
645,0.000000,164.285800,0.209061
646,0.000000,380.120800,0.211987
647,0.000000,300.116600,0.212679
648,0.000000,164.285800,0.211425
649,0.000000,380.120800,0.209319
650,0.000000,300.116600,0.210882
651,0.000000,164.285800,0.225723
652,0.000000,380.120800,0.211479
653,0.000000,300.116600,0.205920
654,0.000000,164.285800,0.214982
655,0.000000,380.120800,0.208280
656,0.000000,300.116600,0.212638
658,0.000000,380.120800,0.210908
657,0.000000,164.285800,0.230488
659,0.000000,300.116600,0.207142
660,0.000000,380.120800,0.210646
661,0.000000,164.285800,0.213060
662,0.000000,300.116600,0.205591
663,0.000000,380.120800,0.190015
664,0.000000,166.995600,0.386612
665,0.000000,302.607400,0.583009
666,0.000000,393.313400,0.718647
667,0.000000,431.554000,0.771596
668,0.000000,468.187600,0.824395
669,0.000000,471.025200,0.825475
670,0.000000,475.620200,0.837323
671,0.000000,455.288400,0.806226
672,0.000000,425.331600,0.760680
673,0.000000,347.875200,0.643748
675,0.000000,77.347200,0.229249
674,0.000000,241.679000,0.514512
676,0.000000,347.875200,0.192874
677,0.000000,77.347200,0.196472
678,0.000000,241.679000,0.212939
679,0.000000,347.875200,0.213974
680,0.000000,77.347200,0.206951
681,0.000000,241.679000,0.225365
682,0.000000,347.875200,0.227119
683,0.000000,77.347200,0.236401
684,0.000000,241.679000,0.209893
685,0.000000,347.875200,0.211638
686,0.000000,77.347200,0.221472
687,0.000000,241.679000,0.210157
688,0.000000,347.875200,0.214803
689,0.000000,77.347200,0.207701
690,0.000000,241.679000,0.215654
691,0.000000,347.875200,0.214451
692,0.000000,77.347200,0.206658
693,0.000000,241.679000,0.211730
694,0.000000,347.875200,0.212097
695,0.000000,77.347200,0.208904
696,0.000000,241.679000,0.212264
697,0.000000,347.875200,0.213126
698,0.000000,77.347200,0.209437
699,0.000000,241.679000,0.213352
700,0.000000,347.875200,0.211506
701,0.000000,77.347200,0.208168
702,0.000000,241.679000,0.207177
703,0.000000,347.875200,0.213435
706,0.000000,0.000000,0.000122
704,0.000000,77.347200,0.208174
705,0.000000,241.679000,0.184614
707,0.000000,215.508200,0.398460
708,0.000000,334.898000,0.603643
709,0.000000,359.226200,0.657190
710,0.000000,295.495400,0.584850
711,0.000000,145.870600,0.344775
712,0.000000,359.226200,0.182366
713,0.000000,295.495400,0.210572
714,0.000000,145.870600,0.214364
715,0.000000,359.226200,0.217556
716,0.000000,295.495400,0.205706
717,0.000000,145.870600,0.212990
718,0.000000,359.226200,0.219833
719,0.000000,295.495400,0.204792
720,0.000000,145.870600,0.213427
721,0.000000,359.226200,0.217520
722,0.000000,295.495400,0.197570
723,0.000000,145.870600,0.195195
724,0.000000,146.433600,0.355218
725,0.000000,285.357800,0.547803
726,0.000000,355.587800,0.645089
729,0.000000,0.000000,0.000083
730,0.000000,0.000000,0.000093
727,0.000000,323.143200,0.574195
728,0.000000,213.077600,0.374042
731,0.000000,211.705200,0.372120
732,0.000000,326.391400,0.579251
733,0.000000,358.996600,0.650491
734,0.000000,297.036600,0.574074
735,0.000000,149.008000,0.364430
736,0.000000,358.996600,0.195240
737,0.000000,297.036600,0.219756
738,0.000000,149.008000,0.204069
739,0.000000,358.996600,0.209355
740,0.000000,297.036600,0.213703
741,0.000000,149.008000,0.208263
742,0.000000,358.996600,0.231622
743,0.000000,297.036600,0.208048
744,0.000000,149.008000,0.201309
745,0.000000,358.996600,0.208962
746,0.000000,297.036600,0.209481
747,0.000000,149.008000,0.191258
748,0.000000,152.555000,0.351111
749,0.000000,292.291600,0.560953
750,0.000000,354.672000,0.645902
753,0.000000,0.000000,0.000090
751,0.000000,321.724000,0.591665
754,0.000000,0.000000,0.182801
752,0.000000,216.367400,0.414977
755,0.000000,321.724000,0.210293
756,0.000000,0.000000,0.212435
757,0.000000,216.367400,0.203250
758,0.000000,321.724000,0.213940
759,0.000000,0.000000,0.216371
760,0.000000,216.367400,0.221229
761,0.000000,321.724000,0.208136
762,0.000000,0.000000,0.210893
763,0.000000,216.367400,0.207822
764,0.000000,321.724000,0.213529
765,0.000000,0.000000,0.214392
766,0.000000,216.367400,0.206750
767,0.000000,321.724000,0.211448
768,0.000000,0.000000,0.213660
769,0.000000,216.367400,0.208833
770,0.000000,321.724000,0.228532
771,0.000000,0.000000,0.213811
772,0.000000,216.367400,0.207154
773,0.000000,321.724000,0.208791
774,0.000000,0.000000,0.213606
775,0.000000,216.367400,0.209905
776,0.000000,321.724000,0.215267
777,0.000000,0.000000,0.211841
778,0.000000,216.367400,0.230508
779,0.000000,321.724000,0.208487
780,0.000000,0.000000,0.210240
781,0.000000,216.367400,0.208534
782,0.000000,321.724000,0.218093
783,0.000000,0.000000,0.211149
784,0.000000,216.367400,0.199806
785,0.000000,74.033400,0.218215
786,0.000000,246.528600,0.494315
787,0.000000,346.637800,0.647599
788,0.000000,421.942000,0.758699
789,0.000000,461.757600,0.825459
790,0.000000,473.775200,0.840019
791,0.000000,478.600000,0.851007
792,0.000000,471.513600,0.828684
793,0.000000,448.716200,0.794618
794,0.000000,392.836000,0.716700
796,0.000000,169.098400,0.382245
795,0.000000,296.741800,0.580369
797,0.000000,392.836000,0.226577
798,0.000000,169.098400,0.205334
799,0.000000,296.741800,0.208483
800,0.000000,392.836000,0.212772
801,0.000000,169.098400,0.213193
802,0.000000,296.741800,0.212901
803,0.000000,392.836000,0.210066
804,0.000000,169.098400,0.210225
805,0.000000,296.741800,0.211638
806,0.000000,392.836000,0.211612
807,0.000000,169.098400,0.210370
808,0.000000,296.741800,0.212334
809,0.000000,392.836000,0.211285
810,0.000000,169.098400,0.209090
811,0.000000,296.741800,0.215474
812,0.000000,392.836000,0.212759
813,0.000000,169.098400,0.207105
814,0.000000,296.741800,0.231092
815,0.000000,392.836000,0.212061
816,0.000000,169.098400,0.204993
817,0.000000,296.741800,0.214662
818,0.000000,392.836000,0.229677
819,0.000000,169.098400,0.202738
820,0.000000,296.741800,0.210165
821,0.000000,392.836000,0.212831
822,0.000000,169.098400,0.207767
823,0.000000,296.741800,0.224476
824,0.000000,392.836000,0.213953
825,0.000000,169.098400,0.206276
826,0.000000,296.741800,0.208605
827,0.000000,392.836000,0.213587
828,0.000000,169.098400,0.209443
829,0.000000,296.741800,0.209537
830,0.000000,392.836000,0.220537
831,0.000000,169.098400,0.208277
832,0.000000,296.741800,0.207598
833,0.000000,392.836000,0.216356
834,0.000000,169.098400,0.210308
835,0.000000,296.741800,0.208659
836,0.000000,392.836000,0.213450
837,0.000000,169.098400,0.208999
838,0.000000,296.741800,0.211352
839,0.000000,392.836000,0.212016
840,0.000000,169.098400,0.210495
841,0.000000,296.741800,0.209915
842,0.000000,392.836000,0.214838
843,0.000000,169.098400,0.210332
844,0.000000,296.741800,0.211224
845,0.000000,392.836000,0.209414
846,0.000000,169.098400,0.224408
847,0.000000,296.741800,0.221396
848,0.000000,392.836000,0.207853
849,0.000000,169.098400,0.203472
850,0.000000,296.741800,0.265772
851,0.000000,392.836000,0.334264
852,0.000000,169.098400,0.254972
853,0.000000,296.741800,0.238493
854,0.000000,169.098400,0.193208
855,0.000000,392.836000,0.193185
856,0.000000,296.741800,0.207829
857,0.000000,169.098400,0.210952
858,0.000000,392.836000,0.211936
859,0.000000,296.741800,0.254924
860,0.000000,169.098400,0.233360
861,0.000000,392.836000,0.232606
862,0.000000,296.741800,0.189475
864,0.000000,392.836000,0.211920
863,0.000000,169.098400,0.214091
865,0.000000,296.741800,0.208836
866,0.000000,392.836000,0.212842
867,0.000000,169.098400,0.212739
868,0.000000,296.741800,0.212058
869,0.000000,392.836000,0.210617
870,0.000000,169.098400,0.212906
871,0.000000,296.741800,0.212893
873,0.000000,169.098400,0.209267
872,0.000000,392.836000,0.213068
874,0.000000,296.741800,0.227591
876,0.000000,392.836000,0.209738
875,0.000000,169.098400,0.226541
877,0.000000,296.741800,0.262506
878,0.000000,392.836000,0.214515
879,0.000000,169.098400,0.233785
880,0.000000,296.741800,0.202109
881,0.000000,392.836000,0.210576
882,0.000000,169.098400,0.230003
883,0.000000,296.741800,0.205345
884,0.000000,392.836000,0.206362
885,0.000000,169.098400,0.210728
886,0.000000,296.741800,0.211626
887,0.000000,392.836000,0.214241
888,0.000000,169.098400,0.208592
889,0.000000,296.741800,0.209603
890,0.000000,392.836000,0.210397
891,0.000000,169.098400,0.210630
892,0.000000,296.741800,0.212610
893,0.000000,392.836000,0.214308
894,0.000000,169.098400,0.209103
895,0.000000,296.741800,0.212749
896,0.000000,392.836000,0.215582
897,0.000000,169.098400,0.225960
898,0.000000,296.741800,0.208021
899,0.000000,392.836000,0.207973
900,0.000000,169.098400,0.209035
901,0.000000,296.741800,0.225839
902,0.000000,392.836000,0.211612
903,0.000000,169.098400,0.206369
904,0.000000,296.741800,0.209410
905,0.000000,392.836000,0.214043
906,0.000000,169.098400,0.212740
907,0.000000,296.741800,0.210189
908,0.000000,392.836000,0.212308
909,0.000000,169.098400,0.209469
910,0.000000,296.741800,0.213779
911,0.000000,392.836000,0.214779
912,0.000000,169.098400,0.228149
913,0.000000,296.741800,0.214356
914,0.000000,392.836000,0.216731
915,0.000000,169.098400,0.233333
916,0.000000,296.741800,0.207796
917,0.000000,392.836000,0.209704
918,0.000000,169.098400,0.209867
919,0.000000,296.741800,0.211772
920,0.000000,392.836000,0.212094
921,0.000000,169.098400,0.226252
922,0.000000,296.741800,0.204882
923,0.000000,392.836000,0.210924
924,0.000000,169.098400,0.209834
925,0.000000,296.741800,0.206892
926,0.000000,392.836000,0.213880
927,0.000000,169.098400,0.228326
928,0.000000,296.741800,0.205211
929,0.000000,392.836000,0.210389
930,0.000000,169.098400,0.208887
931,0.000000,296.741800,0.211002
932,0.000000,392.836000,0.215684
933,0.000000,169.098400,0.210781
934,0.000000,296.741800,0.211737
935,0.000000,392.836000,0.215985
936,0.000000,169.098400,0.209850
937,0.000000,296.741800,0.225424
938,0.000000,392.836000,0.214665
939,0.000000,169.098400,0.206848
940,0.000000,296.741800,0.213191
941,0.000000,392.836000,0.214813
942,0.000000,169.098400,0.210937
943,0.000000,296.741800,0.225496
944,0.000000,392.836000,0.210066
945,0.000000,169.098400,0.206202
946,0.000000,296.741800,0.208544
947,0.000000,392.836000,0.214217
948,0.000000,169.098400,0.228392
949,0.000000,296.741800,0.206132
950,0.000000,392.836000,0.211202
951,0.000000,169.098400,0.208634
952,0.000000,296.741800,0.205668
953,0.000000,392.836000,0.218150
954,0.000000,169.098400,0.208859
955,0.000000,296.741800,0.203834
956,0.000000,392.836000,0.200599
957,0.000000,161.940600,0.367801
958,0.000000,310.202600,0.592780
959,0.000000,390.391800,0.713421
960,0.000000,437.924600,0.780949
961,0.000000,464.186400,0.819440
962,0.000000,481.733400,0.850973
963,0.000000,477.287600,0.836889
964,0.000000,459.481200,0.810199
965,0.000000,419.127600,0.756234
966,0.000000,343.339200,0.635219
968,0.000000,73.573800,0.216666
967,0.000000,242.967600,0.514730
969,0.000000,343.339200,0.194461
970,0.000000,73.573800,0.200162
971,0.000000,242.967600,0.211558
972,0.000000,343.339200,0.209076
973,0.000000,73.573800,0.213856
974,0.000000,242.967600,0.209463
975,0.000000,343.339200,0.210576
976,0.000000,73.573800,0.211390
977,0.000000,242.967600,0.210918
978,0.000000,343.339200,0.214703
979,0.000000,73.573800,0.210060
980,0.000000,242.967600,0.210608
981,0.000000,343.339200,0.212199
982,0.000000,73.573800,0.214057
983,0.000000,242.967600,0.210057
984,0.000000,343.339200,0.213414
985,0.000000,73.573800,0.212201
986,0.000000,242.967600,0.210913
987,0.000000,343.339200,0.213506
988,0.000000,73.573800,0.212700
989,0.000000,242.967600,0.207940
990,0.000000,343.339200,0.214136
991,0.000000,73.573800,0.213821
992,0.000000,242.967600,0.210530
993,0.000000,343.339200,0.210094
994,0.000000,73.573800,0.214077
995,0.000000,242.967600,0.212029
996,0.000000,343.339200,0.214279
999,0.000000,0.000000,0.000101
997,0.000000,73.573800,0.211413
998,0.000000,242.967600,0.184864
1000,0.000000,215.637800,0.394442
1001,0.000000,334.012600,0.604561
1002,0.000000,353.584800,0.644111
1003,0.000000,290.902200,0.571754
1005,0.000000,353.584800,0.181631
1004,0.000000,150.122400,0.358566
1006,0.000000,290.902200,0.224829
1007,0.000000,353.584800,0.211916
1008,0.000000,150.122400,0.210502
1009,0.000000,290.902200,0.211731
1010,0.000000,353.584800,0.228265
1011,0.000000,150.122400,0.214212
1012,0.000000,290.902200,0.208734
1013,0.000000,353.584800,0.215760
1014,0.000000,150.122400,0.218488
1015,0.000000,290.902200,0.190326
1016,0.000000,353.584800,0.196141
1017,0.000000,152.025200,0.368996
1018,0.000000,287.936000,0.556893
1019,0.000000,356.802400,0.665442
1022,0.000000,0.000000,0.000087
1023,0.000000,0.000000,0.000098
1020,0.000000,333.426400,0.602978
1021,0.000000,215.583600,0.386582
1024,0.000000,218.297000,0.383830
1025,0.000000,335.622000,0.595477
1026,0.000000,352.428400,0.639078
1027,0.000000,293.524000,0.569097
1029,0.000000,352.428400,0.194434
1028,0.000000,153.185400,0.375941
1030,0.000000,293.524000,0.198919
1031,0.000000,352.428400,0.211622
1032,0.000000,153.185400,0.228961
1033,0.000000,293.524000,0.202900
1034,0.000000,352.428400,0.210877
1035,0.000000,153.185400,0.211589
1036,0.000000,293.524000,0.212157
1037,0.000000,352.428400,0.208972
1038,0.000000,153.185400,0.214274
1039,0.000000,293.524000,0.209443
1040,0.000000,352.428400,0.181993
1041,0.000000,155.032600,0.361585
1042,0.000000,296.288200,0.572680
1043,0.000000,350.053400,0.638247
1046,0.000000,0.000000,0.000087
1047,0.000000,0.000000,0.182451
1044,0.000000,331.733600,0.609528
1045,0.000000,216.856400,0.400082
1048,0.000000,0.000000,0.209568
1049,0.000000,331.733600,0.229898
1050,0.000000,216.856400,0.215022
1051,0.000000,0.000000,0.203791
1052,0.000000,331.733600,0.217186
1053,0.000000,216.856400,0.215857
1054,0.000000,0.000000,0.204392
1055,0.000000,331.733600,0.212452
1056,0.000000,216.856400,0.214624
1057,0.000000,0.000000,0.207436
1058,0.000000,331.733600,0.215510
1059,0.000000,216.856400,0.212134
1060,0.000000,0.000000,0.206799
1061,0.000000,331.733600,0.214117
1062,0.000000,216.856400,0.213060
1063,0.000000,0.000000,0.207645
1064,0.000000,331.733600,0.214695
1065,0.000000,216.856400,0.213766
1066,0.000000,0.000000,0.211120
1067,0.000000,331.733600,0.222827
1068,0.000000,216.856400,0.228476
1069,0.000000,0.000000,0.200088
1070,0.000000,331.733600,0.211299
1071,0.000000,216.856400,0.214892
1072,0.000000,0.000000,0.208473
1073,0.000000,331.733600,0.209871
1074,0.000000,216.856400,0.235384
1075,0.000000,0.000000,0.206474
1076,0.000000,331.733600,0.201155
1077,0.000000,216.856400,0.198281
1078,0.000000,79.010400,0.238044
1079,0.000000,232.413000,0.466009
1080,0.000000,351.597200,0.653741
1081,0.000000,421.930200,0.755403
1082,0.000000,465.649200,0.821343
1083,0.000000,472.487800,0.828374
1084,0.000000,487.309200,0.853294
1085,0.000000,472.040800,0.829475
1086,0.000000,450.987400,0.799981
1087,0.000000,385.104000,0.698043
1090,0.000000,385.104000,0.180893
1089,0.000000,157.790600,0.374770
1088,0.000000,298.910000,0.597331
1091,0.000000,385.104000,0.202520
1092,0.000000,157.790600,0.210495
1093,0.000000,298.910000,0.226440
1094,0.000000,385.104000,0.205682
1095,0.000000,157.790600,0.208629
1096,0.000000,298.910000,0.216207
1097,0.000000,385.104000,0.206332
1098,0.000000,157.790600,0.208677
1099,0.000000,298.910000,0.215744
1100,0.000000,385.104000,0.225966
1101,0.000000,157.790600,0.205769
1102,0.000000,298.910000,0.208056
1103,0.000000,385.104000,0.207616
1104,0.000000,157.790600,0.211008
1105,0.000000,298.910000,0.216608
1106,0.000000,385.104000,0.210382
1107,0.000000,157.790600,0.210905
1108,0.000000,298.910000,0.229467
1109,0.000000,385.104000,0.204904
1110,0.000000,157.790600,0.202963
1111,0.000000,298.910000,0.210934
1112,0.000000,385.104000,0.208795
1113,0.000000,157.790600,0.211276
1114,0.000000,298.910000,0.210541
1115,0.000000,385.104000,0.209305
1116,0.000000,157.790600,0.212371
1117,0.000000,298.910000,0.210740
1118,0.000000,385.104000,0.224810
1119,0.000000,157.790600,0.206218
1120,0.000000,298.910000,0.206301
1121,0.000000,385.104000,0.225318
1122,0.000000,157.790600,0.214483
1123,0.000000,298.910000,0.216738
1124,0.000000,385.104000,0.231177
1125,0.000000,157.790600,0.214349
1126,0.000000,298.910000,0.207360
1127,0.000000,385.104000,0.215416
1128,0.000000,157.790600,0.212767
1129,0.000000,298.910000,0.206068
1130,0.000000,385.104000,0.210432
1131,0.000000,157.790600,0.214609
1132,0.000000,298.910000,0.208744
1133,0.000000,385.104000,0.213513
1134,0.000000,157.790600,0.213926
1135,0.000000,298.910000,0.225422
1136,0.000000,385.104000,0.228288
1137,0.000000,157.790600,0.211827
1138,0.000000,298.910000,0.200443
1139,0.000000,385.104000,0.212573
1140,0.000000,157.790600,0.229518
1141,0.000000,298.910000,0.204964
1142,0.000000,385.104000,0.210629
1143,0.000000,157.790600,0.211542
1144,0.000000,298.910000,0.214957
1145,0.000000,385.104000,0.210095
1146,0.000000,157.790600,0.224435
1147,0.000000,298.910000,0.208672
1148,0.000000,385.104000,0.206055
1149,0.000000,157.790600,0.212991
1150,0.000000,298.910000,0.215526
1151,0.000000,385.104000,0.208484
1152,0.000000,157.790600,0.213774
1153,0.000000,298.910000,0.228119
1154,0.000000,385.104000,0.207100
1155,0.000000,157.790600,0.209344
1156,0.000000,298.910000,0.228533
1157,0.000000,385.104000,0.204813
1158,0.000000,157.790600,0.207500
1159,0.000000,298.910000,0.213169
1160,0.000000,385.104000,0.208568
1161,0.000000,157.790600,0.213145
1162,0.000000,298.910000,0.228852
1163,0.000000,385.104000,0.207603
1164,0.000000,157.790600,0.211254
1165,0.000000,298.910000,0.210026
1166,0.000000,385.104000,0.214943
1167,0.000000,157.790600,0.216218
1168,0.000000,298.910000,0.224700
1169,0.000000,385.104000,0.210235
1170,0.000000,157.790600,0.208858
1171,0.000000,298.910000,0.208369
1172,0.000000,385.104000,0.208025
1173,0.000000,157.790600,0.213313
1174,0.000000,298.910000,0.206435
1175,0.000000,385.104000,0.227758
1176,0.000000,157.790600,0.211541
1177,0.000000,298.910000,0.206058
1178,0.000000,385.104000,0.208808
1179,0.000000,157.790600,0.213675
1180,0.000000,298.910000,0.213137
1181,0.000000,385.104000,0.209435
1182,0.000000,157.790600,0.212402
1183,0.000000,298.910000,0.212095
1184,0.000000,385.104000,0.207909
1185,0.000000,157.790600,0.228781
1186,0.000000,298.910000,0.223402
1187,0.000000,385.104000,0.204734
1188,0.000000,157.790600,0.219517
1189,0.000000,298.910000,0.206139
1190,0.000000,385.104000,0.208791
1191,0.000000,157.790600,0.239797
1192,0.000000,298.910000,0.226469
1193,0.000000,385.104000,0.193250
1194,0.000000,157.790600,0.207900
1195,0.000000,298.910000,0.211247
1196,0.000000,385.104000,0.212701
1197,0.000000,157.790600,0.208382
1198,0.000000,298.910000,0.212865
1199,0.000000,385.104000,0.210996
1200,0.000000,157.790600,0.210084
1201,0.000000,298.910000,0.213016
1202,0.000000,385.104000,0.208299
1203,0.000000,157.790600,0.209048
1204,0.000000,298.910000,0.213319
1205,0.000000,385.104000,0.209057
1206,0.000000,157.790600,0.208507
1207,0.000000,298.910000,0.212522
1208,0.000000,385.104000,0.211705
1209,0.000000,157.790600,0.212779
1210,0.000000,298.910000,0.212398
1211,0.000000,385.104000,0.213747
1212,0.000000,157.790600,0.228059
1213,0.000000,298.910000,0.207265
1214,0.000000,385.104000,0.211734
1215,0.000000,157.790600,0.209785
1216,0.000000,298.910000,0.230729
1217,0.000000,385.104000,0.212353
1218,0.000000,157.790600,0.203888
1219,0.000000,298.910000,0.210508
1220,0.000000,385.104000,0.229890
1221,0.000000,157.790600,0.208483
1222,0.000000,298.910000,0.209889
1223,0.000000,385.104000,0.212629
1224,0.000000,157.790600,0.215685
1225,0.000000,298.910000,0.210576
1226,0.000000,385.104000,0.211288
1227,0.000000,157.790600,0.210956
1228,0.000000,298.910000,0.211359
1229,0.000000,385.104000,0.215520
1230,0.000000,157.790600,0.209722
1231,0.000000,298.910000,0.209492
1232,0.000000,385.104000,0.215091
1233,0.000000,157.790600,0.209853
1234,0.000000,298.910000,0.209633
1235,0.000000,385.104000,0.214937
1236,0.000000,157.790600,0.226218
1237,0.000000,298.910000,0.210734
1238,0.000000,385.104000,0.204811
1239,0.000000,157.790600,0.211752
1240,0.000000,298.910000,0.212226
1241,0.000000,385.104000,0.209696
1242,0.000000,157.790600,0.208639
1243,0.000000,298.910000,0.213182
1244,0.000000,385.104000,0.230358
1245,0.000000,157.790600,0.201746
1246,0.000000,298.910000,0.207030
1247,0.000000,385.104000,0.213107
1248,0.000000,157.790600,0.203109
1249,0.000000,298.910000,0.195188
1250,0.000000,165.552800,0.377897
1251,0.000000,296.755200,0.567110
1252,0.000000,391.411000,0.716150
1253,0.000000,436.004400,0.788381
1254,0.000000,471.546400,0.838895
1255,0.000000,483.706400,0.854634
1256,0.000000,480.107200,0.845018
1257,0.000000,463.204000,0.817017
1258,0.000000,415.750600,0.747525
1259,0.000000,347.613200,0.644744
1261,0.000000,78.674600,0.224002
1260,0.000000,233.781800,0.498545
1262,0.000000,347.613200,0.199477
1263,0.000000,78.674600,0.200688
1264,0.000000,233.781800,0.211083
1265,0.000000,347.613200,0.211138
1266,0.000000,78.674600,0.210733
1267,0.000000,233.781800,0.210016
1268,0.000000,347.613200,0.211217
1269,0.000000,78.674600,0.230015
1270,0.000000,233.781800,0.205721
1271,0.000000,347.613200,0.214117
1272,0.000000,78.674600,0.213930
1273,0.000000,233.781800,0.210435
1274,0.000000,347.613200,0.211683
1275,0.000000,78.674600,0.214495
1276,0.000000,233.781800,0.211744
1277,0.000000,347.613200,0.214112
1278,0.000000,78.674600,0.214352
1279,0.000000,233.781800,0.207385
1280,0.000000,347.613200,0.211004
1281,0.000000,78.674600,0.216529
1282,0.000000,233.781800,0.209529
1283,0.000000,347.613200,0.208222
1284,0.000000,78.674600,0.215640
1285,0.000000,233.781800,0.208780
1286,0.000000,347.613200,0.209038
1287,0.000000,78.674600,0.211456
1288,0.000000,233.781800,0.222927
1289,0.000000,347.613200,0.206259
1292,0.000000,0.000000,0.000206
1290,0.000000,78.674600,0.204952
1291,0.000000,233.781800,0.189123
1293,0.000000,215.286800,0.392407
1294,0.000000,327.697400,0.592202
1295,0.000000,351.229200,0.640618
1298,0.000000,351.229200,0.179637
1296,0.000000,292.261600,0.574180
1297,0.000000,156.849200,0.377329
1299,0.000000,351.229200,0.209823
1300,0.000000,292.261600,0.211535
1301,0.000000,156.849200,0.222323
1302,0.000000,351.229200,0.207649
1303,0.000000,292.261600,0.209748
1304,0.000000,156.849200,0.219056
1305,0.000000,351.229200,0.211545
1306,0.000000,292.261600,0.213709
1307,0.000000,156.849200,0.219040
1309,0.000000,292.261600,0.200257
1308,0.000000,351.229200,0.216749
1310,0.000000,150.064200,0.347254
1311,0.000000,292.673400,0.557042
1312,0.000000,350.235200,0.639259
1315,0.000000,0.000000,0.000102
1316,0.000000,0.000000,0.000064
1313,0.000000,334.945600,0.593425
1317,0.000000,157.756400,0.265741
1314,0.000000,211.888400,0.370944
1318,0.000000,245.891400,0.417577
1320,0.000000,230.886400,0.397108
1319,0.000000,267.256200,0.459391
1321,0.000000,118.425200,0.250862
1322,0.000000,230.886400,0.193681
1323,0.000000,267.256200,0.200585
1324,0.000000,118.425200,0.210938
1325,0.000000,230.886400,0.213734
1326,0.000000,267.256200,0.206201
1327,0.000000,118.425200,0.211739
1328,0.000000,230.886400,0.213488
1329,0.000000,267.256200,0.209640
1330,0.000000,118.425200,0.225091
1331,0.000000,230.886400,0.211120
1332,0.000000,267.256200,0.207531
1333,0.000000,118.425200,0.182632
1334,0.000000,150.334200,0.354074
1335,0.000000,290.065800,0.571625
1336,0.000000,352.882400,0.642883
1339,0.000000,0.000000,0.000084
1337,0.000000,323.881800,0.575500
1338,0.000000,214.174000,0.375434
1340,0.000000,477.734800,0.835342
1341,0.000000,479.370200,0.838542
1342,0.000000,455.988000,0.804248
1345,0.000000,203.629600,0.418523
1346,0.000000,31.692600,0.147002
1344,0.000000,322.833400,0.604246
1343,0.000000,417.797800,0.766265
1347,0.000000,31.692600,0.226832
1348,0.000000,322.833400,0.227764
1349,0.000000,417.797800,0.216789
1350,0.000000,31.692600,0.207328
1351,0.000000,322.833400,0.210368
1352,0.000000,417.797800,0.213826
1353,0.000000,31.692600,0.210223
1354,0.000000,322.833400,0.212460
1355,0.000000,417.797800,0.210574
1356,0.000000,31.692600,0.211792
1357,0.000000,322.833400,0.214121
1358,0.000000,417.797800,0.211742
1359,0.000000,31.692600,0.206862
1360,0.000000,322.833400,0.211241
1361,0.000000,417.797800,0.212870
1362,0.000000,31.692600,0.208698
1363,0.000000,322.833400,0.240660
1364,0.000000,417.797800,0.237686
1365,0.000000,31.692600,0.189661
1366,0.000000,322.833400,0.220747
1367,0.000000,417.797800,0.211891
1368,0.000000,31.692600,0.206480
1369,0.000000,322.833400,0.222717
1370,0.000000,417.797800,0.207903
1371,0.000000,68.859200,0.216797
1372,0.000000,243.533800,0.484039
1373,0.000000,346.596200,0.643528
1374,0.000000,416.960200,0.749720
1375,0.000000,465.947800,0.822010
1376,0.000000,463.779400,0.815020
1377,0.000000,480.998000,0.842587
1378,0.000000,468.953600,0.824569
1379,0.000000,440.605000,0.783323
1380,0.000000,387.984400,0.708795
1383,0.000000,27.651800,0.141870
1382,0.000000,170.891000,0.369473
1381,0.000000,300.313800,0.570785
1384,0.000000,205.069000,0.424421
1385,0.000000,333.356400,0.620416
1386,0.000000,413.142200,0.739777
1387,0.000000,449.475400,0.799761
1388,0.000000,473.954200,0.829507
1389,0.000000,478.922600,0.834269
1390,0.000000,476.868800,0.836091
1391,0.000000,445.796400,0.789242
1392,0.000000,409.990200,0.741188
1395,0.000000,29.191600,0.143850
1393,0.000000,315.941000,0.598390
1394,0.000000,202.698400,0.445464
1396,0.000000,29.191600,0.197947
1397,0.000000,315.941000,0.207998
1398,0.000000,202.698400,0.205107
1399,0.000000,29.191600,0.211507
1400,0.000000,315.941000,0.213822
1401,0.000000,202.698400,0.208151
1402,0.000000,29.191600,0.206532
1403,0.000000,315.941000,0.226294
1404,0.000000,202.698400,0.205519
1405,0.000000,29.191600,0.221964
1406,0.000000,315.941000,0.222381
1407,0.000000,202.698400,0.206227
1408,0.000000,29.191600,0.203711
1409,0.000000,315.941000,0.207015
1410,0.000000,202.698400,0.213910
1411,0.000000,29.191600,0.213297
1412,0.000000,315.941000,0.206680
1413,0.000000,202.698400,0.212585
1414,0.000000,29.191600,0.210846
1415,0.000000,315.941000,0.207346
1416,0.000000,202.698400,0.226251
1417,0.000000,29.191600,0.208172
1418,0.000000,315.941000,0.205892
1419,0.000000,202.698400,0.206948
1420,0.000000,29.191600,0.208975
1421,0.000000,315.941000,0.211313
1422,0.000000,202.698400,0.207492
1423,0.000000,29.191600,0.213952
1424,0.000000,315.941000,0.212726
1425,0.000000,202.698400,0.208643
1426,0.000000,29.191600,0.212129
1427,0.000000,315.941000,0.209386
1428,0.000000,202.698400,0.209643
1429,0.000000,29.191600,0.209818
1430,0.000000,315.941000,0.207037
1431,0.000000,202.698400,0.193803
1432,0.000000,29.257000,0.155698
1433,0.000000,198.403400,0.416606
1434,0.000000,332.723000,0.633322
1435,0.000000,408.863400,0.741981
1436,0.000000,454.316000,0.809396
1437,0.000000,468.496800,0.822734
1438,0.000000,475.523200,0.834447
1439,0.000000,479.566200,0.844714
1440,0.000000,456.143600,0.810498
1441,0.000000,407.208200,0.732184
1444,0.000000,28.105400,0.141272
1442,0.000000,330.873800,0.637390
1445,0.000000,28.105400,0.179737
1443,0.000000,208.094000,0.464678
1446,0.000000,330.873800,0.208965
1447,0.000000,28.105400,0.210417
1448,0.000000,208.094000,0.220096
1449,0.000000,330.873800,0.211208
1450,0.000000,28.105400,0.211325
1451,0.000000,208.094000,0.203389
1452,0.000000,330.873800,0.209992
1453,0.000000,28.105400,0.214509
1454,0.000000,208.094000,0.221491
1455,0.000000,330.873800,0.208050
1456,0.000000,28.105400,0.210232
1457,0.000000,208.094000,0.208056
1458,0.000000,330.873800,0.211755
1459,0.000000,28.105400,0.215265
1460,0.000000,208.094000,0.211661
1461,0.000000,330.873800,0.226660
1462,0.000000,28.105400,0.211752
1463,0.000000,208.094000,0.203748
1464,0.000000,330.873800,0.213837
1465,0.000000,28.105400,0.215599
1466,0.000000,208.094000,0.222404
1467,0.000000,330.873800,0.210107
1468,0.000000,28.105400,0.210397
1469,0.000000,208.094000,0.204630
1470,0.000000,330.873800,0.214302
1471,0.000000,28.105400,0.212081
1472,0.000000,208.094000,0.208565
1473,0.000000,330.873800,0.209678
1474,0.000000,28.105400,0.214953
1475,0.000000,208.094000,0.209351
1476,0.000000,330.873800,0.212728
1477,0.000000,28.105400,0.214495
1478,0.000000,208.094000,0.208410
1479,0.000000,330.873800,0.199696
1480,0.000000,28.105400,0.202791
1481,0.000000,30.052600,0.165812
1482,0.000000,205.563400,0.426081
1483,0.000000,330.722600,0.619473
1484,0.000000,401.118400,0.727201
1485,0.000000,457.165800,0.809591
1486,0.000000,467.199000,0.820280
1487,0.000000,482.538000,0.849480
1488,0.000000,470.373200,0.830693
1489,0.000000,443.562800,0.785758
1490,0.000000,405.259200,0.732354
1493,0.000000,25.357600,0.138133
1494,0.000000,25.357600,0.181617
1492,0.000000,200.700200,0.432497
1491,0.000000,328.105800,0.635382
1495,0.000000,25.357600,0.213613
1496,0.000000,200.700200,0.214339
1497,0.000000,328.105800,0.211823
1498,0.000000,25.357600,0.206528
1499,0.000000,200.700200,0.211997
1500,0.000000,328.105800,0.211816
1501,0.000000,25.357600,0.207975
1502,0.000000,200.700200,0.213554
1503,0.000000,328.105800,0.216666
1504,0.000000,25.357600,0.209787
1505,0.000000,200.700200,0.213441
1506,0.000000,328.105800,0.228461
1507,0.000000,25.357600,0.204125
1508,0.000000,200.700200,0.209582
1509,0.000000,328.105800,0.208391
1510,0.000000,25.357600,0.211108
1511,0.000000,200.700200,0.214614
1512,0.000000,328.105800,0.209604
1513,0.000000,25.357600,0.209010
1514,0.000000,200.700200,0.216886
1515,0.000000,328.105800,0.228178
1516,0.000000,25.357600,0.205529
1517,0.000000,200.700200,0.208383
1518,0.000000,328.105800,0.212408
1519,0.000000,25.357600,0.206522
1520,0.000000,200.700200,0.210940
1521,0.000000,328.105800,0.217496
1522,0.000000,25.357600,0.209882
1523,0.000000,200.700200,0.212773
1524,0.000000,328.105800,0.230342
1525,0.000000,25.357600,0.206419
1526,0.000000,200.700200,0.208168
1527,0.000000,328.105800,0.208633
1528,0.000000,25.357600,0.223155
1529,0.000000,200.700200,0.196877
1530,0.000000,26.895200,0.149902
1531,0.000000,208.979600,0.440980
1532,0.000000,330.278600,0.627056
1533,0.000000,405.781000,0.740404
1534,0.000000,449.840600,0.800717
1535,0.000000,481.471400,0.843610
1536,0.000000,473.196800,0.830165
1537,0.000000,465.015800,0.816460
1538,0.000000,451.931400,0.797503
1539,0.000000,413.110000,0.743666
1542,0.000000,27.856200,0.141300
1540,0.000000,334.019200,0.624260
1541,0.000000,203.914200,0.421448
1543,0.000000,159.924400,0.351839
1544,0.000000,310.718200,0.586429
1545,0.000000,384.688400,0.700925
1546,0.000000,441.782400,0.785463
1547,0.000000,469.091000,0.823459
1548,0.000000,472.873400,0.827033
1549,0.000000,481.952000,0.845940
1550,0.000000,461.071600,0.819200
1551,0.000000,415.727600,0.744721
1552,0.000000,351.246000,0.648732
1554,0.000000,78.664200,0.231649
1555,0.000000,351.246000,0.194764
1556,0.000000,78.664200,0.193537
1553,0.000000,234.218200,0.512732
1557,0.000000,351.246000,0.206264
1558,0.000000,78.664200,0.209084
1559,0.000000,234.218200,0.211895
1560,0.000000,351.246000,0.209732
1561,0.000000,78.664200,0.209845
1562,0.000000,234.218200,0.211935
1563,0.000000,351.246000,0.210835
1564,0.000000,78.664200,0.210705
1565,0.000000,234.218200,0.213835
1566,0.000000,351.246000,0.210095
1567,0.000000,78.664200,0.208096
1568,0.000000,234.218200,0.228571
1569,0.000000,351.246000,0.205392
1570,0.000000,78.664200,0.219194
1571,0.000000,234.218200,0.213188
1572,0.000000,351.246000,0.206905
1573,0.000000,78.664200,0.224354
1574,0.000000,234.218200,0.212940
1575,0.000000,351.246000,0.202536
1576,0.000000,78.664200,0.213265
1577,0.000000,234.218200,0.212319
1578,0.000000,351.246000,0.197884
1579,0.000000,31.526800,0.152178
1580,0.000000,201.065000,0.421888
1581,0.000000,325.345800,0.610237
1582,0.000000,393.512600,0.709347
1585,0.000000,0.000000,0.000085
1586,0.000000,211.464800,0.367861
1583,0.000000,461.472800,0.817843
1584,0.000000,471.529400,0.827415
1587,0.000000,327.544200,0.577758
1588,0.000000,344.735200,0.629080
1589,0.000000,288.619200,0.563142
1590,0.000000,151.948600,0.352486
1591,0.000000,344.735200,0.295775
1592,0.000000,288.619200,0.282998
1593,0.000000,151.948600,0.300412
1594,0.000000,344.735200,0.306843
1595,0.000000,288.619200,0.218774
1596,0.000000,151.948600,0.193722
1597,0.000000,344.735200,0.192970
1598,0.000000,288.619200,0.208825
1599,0.000000,151.948600,0.219803
1600,0.000000,344.735200,0.212463
1601,0.000000,288.619200,0.198321
1602,0.000000,151.948600,0.187254
1603,0.000000,120.794800,0.245108
1604,0.000000,231.802600,0.418491
1605,0.000000,269.293000,0.472682
1608,0.000000,0.000000,0.000054
1609,0.000000,0.000000,0.000052
1606,0.000000,244.619400,0.427952
1607,0.000000,160.827200,0.272357
1610,0.000000,221.362800,0.387134
1611,0.000000,336.497000,0.596274
1612,0.000000,350.963000,0.638656
1614,0.000000,109.588200,0.272195
1613,0.000000,270.347200,0.521344
1615,0.000000,113.841600,0.279089
1616,0.000000,270.683000,0.524107
1617,0.000000,346.762800,0.631279
1620,0.000000,0.000000,0.000056
1621,0.000000,0.000000,0.000084
1618,0.000000,331.820400,0.588490
1619,0.000000,210.589000,0.370288
1622,0.000000,210.917600,0.366091
1623,0.000000,330.420800,0.582681
1624,0.000000,351.299800,0.638604
1625,0.000000,296.048600,0.560256
1626,0.000000,155.286600,0.376342
1627,0.000000,351.299800,0.193837
1628,0.000000,296.048600,0.201748
1629,0.000000,155.286600,0.210131
1630,0.000000,351.299800,0.210544
1631,0.000000,296.048600,0.213619
1632,0.000000,155.286600,0.207127
1633,0.000000,351.299800,0.211248
1634,0.000000,296.048600,0.212307
1635,0.000000,155.286600,0.208747
1636,0.000000,351.299800,0.211922
1637,0.000000,296.048600,0.207989
1638,0.000000,155.286600,0.181530
1639,0.000000,129.342000,0.251845
1640,0.000000,228.712400,0.402720
1641,0.000000,269.037000,0.457821
1644,0.000000,0.000000,0.000053
1645,0.000000,0.000000,0.000082
1642,0.000000,248.951400,0.422381
1643,0.000000,161.781400,0.275487
1646,0.000000,205.766800,0.362346
1647,0.000000,325.826200,0.577436
1648,0.000000,348.499800,0.630784
1651,0.000000,348.499800,0.180379
1649,0.000000,293.706200,0.578617
1650,0.000000,150.114000,0.371227
1652,0.000000,348.499800,0.207657
1653,0.000000,293.706200,0.209845
1654,0.000000,150.114000,0.208743
1655,0.000000,348.499800,0.209442
1656,0.000000,293.706200,0.215444
1657,0.000000,150.114000,0.210337
1658,0.000000,348.499800,0.210091
1659,0.000000,293.706200,0.211665
1660,0.000000,150.114000,0.211841
1661,0.000000,348.499800,0.202361
1662,0.000000,293.706200,0.199125
1663,0.000000,146.604400,0.347582
1664,0.000000,292.051600,0.551906
1665,0.000000,351.270600,0.640227
1668,0.000000,0.000000,0.000083
1669,0.000000,0.000000,0.000085
1666,0.000000,325.920600,0.576065
1667,0.000000,214.784400,0.373226
1670,0.000000,214.894600,0.377614
1671,0.000000,322.633200,0.574798
1672,0.000000,345.010200,0.624037
1673,0.000000,287.319400,0.553589
1675,0.000000,345.010200,0.194797
1674,0.000000,147.723800,0.367554
1676,0.000000,287.319400,0.196611
1677,0.000000,345.010200,0.211194
1678,0.000000,147.723800,0.211240
1679,0.000000,287.319400,0.209654
1680,0.000000,345.010200,0.210535
1681,0.000000,147.723800,0.210107
1682,0.000000,287.319400,0.229779
1683,0.000000,345.010200,0.207702
1684,0.000000,147.723800,0.211754
1685,0.000000,287.319400,0.205074
1686,0.000000,345.010200,0.186084
1687,0.000000,151.701000,0.357760
1688,0.000000,289.425000,0.559065
1689,0.000000,352.517400,0.638934
1692,0.000000,0.000000,0.000093
1693,0.000000,0.000000,0.000093
1690,0.000000,329.823000,0.585110
1691,0.000000,210.755600,0.367556
1694,0.000000,208.807200,0.364436
1695,0.000000,324.300200,0.576755
1696,0.000000,340.346600,0.619041
1697,0.000000,287.895400,0.571233
1699,0.000000,340.346600,0.190689
1698,0.000000,148.264200,0.394043
1700,0.000000,287.895400,0.192444
1701,0.000000,340.346600,0.201563
1702,0.000000,148.264200,0.212847
1703,0.000000,287.895400,0.211937
1704,0.000000,340.346600,0.210171
1705,0.000000,148.264200,0.210336
1706,0.000000,287.895400,0.210068
1707,0.000000,340.346600,0.208087
1708,0.000000,148.264200,0.210527
1709,0.000000,287.895400,0.212897
1710,0.000000,340.346600,0.222196
1711,0.000000,147.065000,0.331876
1712,0.000000,291.844600,0.553033
1713,0.000000,347.614800,0.632985
1716,0.000000,0.000000,0.000088
1717,0.000000,0.000000,0.000061
1714,0.000000,331.944800,0.588115
1715,0.000000,215.531400,0.375633
1718,0.000000,163.359800,0.274411
1719,0.000000,249.495800,0.419663
1721,0.000000,229.735000,0.397807
1720,0.000000,268.015600,0.454285
1723,0.000000,229.735000,0.195554
1724,0.000000,268.015600,0.197374
1722,0.000000,126.947800,0.264911
1725,0.000000,229.735000,0.212153
1726,0.000000,268.015600,0.216320
1727,0.000000,126.947800,0.214787
1728,0.000000,229.735000,0.205861
1730,0.000000,126.947800,0.212218
1729,0.000000,268.015600,0.237166
1731,0.000000,229.735000,0.197272
1732,0.000000,126.947800,0.212909
1733,0.000000,268.015600,0.213508
1734,0.000000,229.735000,0.183644
1735,0.000000,150.445000,0.350071
1736,0.000000,287.315400,0.556506
1737,0.000000,356.867200,0.649567
1740,0.000000,0.000000,0.000084
1741,0.000000,0.000000,0.000065
1738,0.000000,329.739000,0.587242
1739,0.000000,205.890800,0.357887
1742,0.000000,216.784400,0.381256
1743,0.000000,334.141000,0.594847
1744,0.000000,352.541000,0.638903
1745,0.000000,272.779200,0.527425
1746,0.000000,111.354400,0.276429
1747,0.000000,109.076600,0.270076
1748,0.000000,267.268600,0.516971
1749,0.000000,346.913200,0.634017
1750,0.000000,336.848200,0.594830
1752,0.000000,0.000000,0.000066
1751,0.000000,217.759000,0.342931
